,State,Post_Full_Name,Google_Map_Url
0,Albania,U.S. Embassy Tirana,https://www.google.com/maps/embed?pb=!1m14!1m8!1m3!1d11985.865498244162!2d19.82707!3d41.320471!3m2!1i1024!2i768!4f13.1!3m3!1m2!1s0x0%3A0x8fa3776522701698!2sUS+Embassy!5e0!3m2!1sen!2sus!4v1475871702204
1,Algeria,U.S. Embassy in Algiers,https://www.google.com/maps/embed?pb=!1m18!1m12!1m3!1d49921.51751370273!2d3.021801240845189!3d36.753424531614456!2m3!1f0!2f0!3f0!3m2!1i1024!2i768!4f13.1!3m3!1m2!1s0x128fb26d17e21bf3%3A0x37f0c940bffed190!2sEmbassy+of+the+United+States+of+America!5e0!3m2!1sen!2sus!4v1475968584558
2,Afghanistan,U.S. Embassy in Kabul,
0,Angola,U.S. Embassy in Luanda,https://www.google.com/maps/embed?pb=!1m18!1m12!1m3!1d985.6870211075301!2d13.244469090775446!3d-8.809720967521883!2m3!1f0!2f0!3f0!3m2!1i1024!2i768!4f13.1!3m3!1m2!1s0x1a51f2379b39236f%3A0x4554d16517cda92c!2sR.+Houari+Boumediene+32%2C+Luanda%2C+Angola!5e0!3m2!1sen!2sus!4v1473274574478
1,Argentina,U.S. Embassy in Buenos Aires,https://www.google.com/maps/embed?pb=!1m18!1m12!1m3!1d3285.089376875361!2d-58.42101148534582!3d-34.5766049804666!2m3!1f0!2f0!3f0!3m2!1i1024!2i768!4f13.1!3m3!1m2!1s0x95bcb59d6f136467%3A0xcb16dcfd2f6fe27a!2sAv.+Colombia+4300%2C+Buenos+Aires%2C+Argentina!5e0!3m2!1sen!2sus!4v1446571989851
2,American Institute in Taiwan,American Institute in Taiwan,
0,Armenia,U.S. Embassy in Yerevan,https://www.google.com/maps/embed?pb=!1m18!1m12!1m3!1d3048.9679463729253!2d44.47928465065334!3d40.16526737871782!2m3!1f0!2f0!3f0!3m2!1i1024!2i768!4f13.1!3m3!1m2!1s0x406abc342adc4b83%3A0x7c1b35f4cf9be1b0!2sEmbassy+of+USA!5e0!3m2!1sen!2sus!4v1460144309251
1,Australia,U.S. Embassy in Canberra,https://www.google.com/maps/embed?pb=!1m18!1m12!1m3!1d3255.9833423680393!2d149.11413951524867!3d-35.30639538028345!2m3!1f0!2f0!3f0!3m2!1i1024!2i768!4f13.1!3m3!1m2!1s0x6b164cd9daeaf97d%3A0x59e96e566f17109c!2sThe+Embassy+of+the+United+States+of+America!5e0!3m2!1sen!2sus!4v1459389526283
2,Australia,U.S. Consulate in Melbourne,https://www.google.com/maps/embed?pb=!1m18!1m12!1m3!1d3150.5742976086754!2d144.97817895110475!3d-37.84685074361148!2m3!1f0!2f0!3f0!3m2!1i1024!2i768!4f13.1!3m3!1m2!1s0x6ad668177d6b68c3%3A0x2fc2de9248482095!2sUSA+Consulate!5e0!3m2!1sen!2sus!4v1459389577600
3,Australia,U.S. Consulate in Perth,https://www.google.com/maps/embed?pb=!1m18!1m12!1m3!1d3385.154005833242!2d115.86226395093502!3d-31.956718429700384!2m3!1f0!2f0!3f0!3m2!1i1024!2i768!4f13.1!3m3!1m2!1s0x2a32bb27d14060cf%3A0xff0f7aeb28c5cdb7!2sU+S+Consulate!5e0!3m2!1sen!2sus!4v1459389670329
4,Australia,U.S. Consulate in Sydney,https://www.google.com/maps/embed?pb=!1m18!1m12!1m3!1d3313.9313955877997!2d151.20416721564197!3d-33.83987982499072!2m3!1f0!2f0!3f0!3m2!1i1024!2i768!4f13.1!3m3!1m2!1s0x6b12aef24d4784a1%3A0x9ed95f4f1b8ff4a6!2s50%20Miller%20St%2C%20North%20Sydney%20NSW%202060%2C%20Australia!5e0!3m2!1sen!2sus!4v1631203003731!5m2!1sen!2sus
7,Austria,U.S. Embassy in Austria,
0,Bahamas,U.S. Embassy Nassau,https://www.google.com/maps/embed?pb=!1m18!1m12!1m3!1d3613.729243371105!2d-77.34896624969824!3d25.077164483873396!2m3!1f0!2f0!3f0!3m2!1i1024!2i768!4f13.1!3m3!1m2!1s0x892f7d1b827d9177%3A0xae0b951d829f3bba!2sU.S.+Embassy!5e0!3m2!1sen!2sus!4v1462533509222
1,Bahrain,U.S. Embassy Manama,https://www.google.com/maps/embed?pb=!1m14!1m8!1m3!1d14314.981591556958!2d50.538771!3d26.237461!3m2!1i1024!2i768!4f13.1!3m3!1m2!1s0x3e49a5695715a861%3A0x86e4a4045c243dbf!2sRoad+2830%2C+Seef+5559%2C+Bahrain!5e0!3m2!1sen!2sus!4v1475863281741
2,Azerbaijan,U.S. Embassy in Baku,
0,Bangladesh,U.S. Embassy in Dhaka,https://www.google.com/maps/embed?pb=!1m14!1m8!1m3!1d14602.661551784744!2d90.41434370839845!3d23.79492698608253!3m2!1i1024!2i768!4f13.1!3m3!1m2!1s0x0%3A0x3cb01f6be5ee8a52!2sUS+Embassy!5e0!3m2!1sen!2sus!4v1456699682527
1,Belarus,U.S. Embassy Minsk,https://www.google.com/maps/embed?pb=!1m18!1m12!1m3!1d2350.05809017969!2d27.556450815687707!3d53.912943639820504!2m3!1f0!2f0!3f0!3m2!1i1024!2i768!4f13.1!3m3!1m2!1s0x46dbcf9149e8a065%3A0xd2def541eb038f83!2sEmbassy+of+USA!5e0!3m2!1sen!2sus!4v1456777625092
3,Barbados,U.S. Embassy in Bridgetown,
0,Belize,U.S. Embassy in Belmopan,https://www.google.com/maps/embed?pb=!1m18!1m12!1m3!1d3810.203035891842!2d-88.7746408500989!3d17.257409411026316!2m3!1f0!2f0!3f0!3m2!1i1024!2i768!4f13.1!3m3!1m2!1s0x0%3A0xbc6dab3f3462a23e!2sEmbassy+of+the+United+States+of+America!5e0!3m2!1sen!2sus!4v1476493976585
1,Benin,U.S. Embassy Cotonou,https://www.google.com/maps/embed?pb=!1m14!1m8!1m3!1d15861.33572195786!2d2.3962361978393565!3d6.3507944803280525!3m2!1i1024!2i768!4f13.1!3m3!1m2!1s0x0%3A0x550c790ea14fb13f!2sAmerican+Cultural+Center!5e0!3m2!1sen!2sus!4v1466373139231
2,Belgium,U.S. Embassy Brussels,
0,Bermuda,U.S. Consulate in Hamilton,https://www.google.com/maps/embed?pb=!1m18!1m12!1m3!1d3372.612488962896!2d-64.77029974967265!3d32.29539498102744!2m3!1f0!2f0!3f0!3m2!1i1024!2i768!4f13.1!3m3!1m2!1s0x8a2d147c66684bef%3A0x976b021acf07e439!2sUnited+States+of+America+Consulate+General!5e0!3m2!1sen!2sus!4v1461872474568
1,Bosnia & Herzegovina,U.S. Embassy in Sarajevo,https://www.google.com/maps/embed?pb=!1m18!1m12!1m3!1d2876.9596748402596!2d18.398199750701693!3d43.856664479012416!2m3!1f0!2f0!3f0!3m2!1i1024!2i768!4f13.1!3m3!1m2!1s0x4758c9212532b899%3A0xe5eb18200e511e50!2sEmbassy+of+the+United+States+of+America!5e0!3m2!1sen!2sus!4v1475872155354
3,Bolivia,U.S. Embassy in La Paz,
0,Botswana,U.S. Embassy Gaborone,https://www.google.com/maps/embed?pb=!1m18!1m12!1m3!1d3625.9089866123527!2d25.90648851606914!3d-24.661260909013087!2m3!1f0!2f0!3f0!3m2!1i1024!2i768!4f13.1!3m3!1m2!1s0x1ebb5bafaa17cf27%3A0x53662b5b008aa3a9!2sUS+Embassy!5e0!3m2!1sen!2sus!4v1473275921079
1,Brazil,U.S. Embassy in Brasilia,https://www.google.com/maps/embed?pb=!1m18!1m12!1m3!1d3838.9920465240443!2d-47.87494718594563!3d-15.80437338904502!2m3!1f0!2f0!3f0!3m2!1i1024!2i768!4f13.1!3m3!1m2!1s0x935a3004c67e64c9%3A0x579baad0de5c7e00!2sUnited+States+Embassy!5e0!3m2!1sen!2sus!4v1448981798164
2,Brazil,U.S. Consulate in Porto Alegre,https://www.google.com/maps/embed?pb=!1m18!1m12!1m3!1d3454.865928455919!2d-51.170603185102486!3d-30.012005881894144!2m3!1f0!2f0!3f0!3m2!1i1024!2i768!4f13.1!3m3!1m2!1s0x951977706fbd1a9b%3A0x3a1cbf3f1eb6d969!2sAv.+Assis+Brasil%2C+1889+-+Passo+d'Areia%2C+Porto+Alegre+-+RS%2C+91010-004!5e0!3m2!1sen!2sbr!4v1490034081949
3,Brazil,U.S. Consulate General in Recife,https://www.google.com/maps/embed?pb=!1m18!1m12!1m3!1d3950.4306358602466!2d-34.89513298604406!3d-8.057479794198347!2m3!1f0!2f0!3f0!3m2!1i1024!2i768!4f13.1!3m3!1m2!1s0x7ab189453c5f081%3A0x1fcfcf565d5cbb71!2sConsulado+dos+EUA+no+Recife!5e0!3m2!1sen!2sus!4v1448981880136
4,Brazil,U.S. Consulate General in Rio de Janeiro,https://www.google.com/maps/embed?pb=!1m18!1m12!1m3!1d3675.050820722534!2d-43.17603538580082!3d-22.9114962850094!2m3!1f0!2f0!3f0!3m2!1i1024!2i768!4f13.1!3m3!1m2!1s0x9981df4f0094ed%3A0x54815445764cb3cb!2sConsulado+Geral+dos+EUA+no+Rio+de+Janeiro!5e0!3m2!1sen!2sus!4v1448981918008
5,Brazil,U.S. Consulate General in Sao Paulo,https://www.google.com/maps/embed?pb=!1m18!1m12!1m3!1d29242.405426999398!2d-46.71500176726864!3d-23.629400686822922!2m3!1f0!2f0!3f0!3m2!1i1024!2i768!4f13.1!3m3!1m2!1s0x94ce562a6b5b610f%3A0x5ef97b48f74f0e92!2sConsulado+Americano!5e0!3m2!1sen!2sus!4v1448981974474
6,Brunei,U.S. Embassy in Bandar Seri Begawan,https://www.google.com/maps/embed?pb=!1m14!1m8!1m3!1d15900.483811304017!2d114.956281!3d4.919424!3m2!1i1024!2i768!4f13.1!3m3!1m2!1s0x0%3A0xc5d1b18117f0898d!2sU.S.+Embassy!5e0!3m2!1sen!2sus!4v1476150245740
0,Bulgaria,U.S. Embassy in Sofia,https://www.google.com/maps/embed?pb=!1m18!1m12!1m3!1d2933.7404925212763!2d23.310085350655804!3d42.66685437906526!2m3!1f0!2f0!3f0!3m2!1i1024!2i768!4f13.1!3m3!1m2!1s0x0%3A0x91568c8c47eb9797!2sUS+Embassy!5e0!3m2!1sen!2sus!4v14758722161974
1,Burkina Faso,U.S. Embassy in Ouagadougou,https://www.google.com/maps/embed?pb=!1m18!1m12!1m3!1d78247.0611438673!2d-1.5370534984062096!3d12.251802140547836!2m3!1f0!2f0!3f0!3m2!1i1024!2i768!4f13.1!3m3!1m2!1s0xe2ebda38668cc6d%3A0x249f554e43027257!2sEmbassy+of+the+United+States+Ouagadougou!5e0!3m2!1sen!2sus!4v1466394961931
2,Burma,U.S. Embassy in Rangoon,https://www.google.com/maps/embed?pb=!1m14!1m8!1m3!1d15276.07961975294!2d96.1444142!3d16.8253686!3m2!1i1024!2i768!4f13.1!3m3!1m2!1s0x0%3A0x74899cac54a23d60!2sEmbassy+of+the+United+States!5e0!3m2!1sen!2sus!4v1450461289064
0,Burundi,U.S. Embassy in Bujumbura,https://www.google.com/maps/embed?pb=!1m18!1m12!1m3!1d3982.92613955644!2d29.380263715846144!3d-3.368231542392924!2m3!1f0!2f0!3f0!3m2!1i1024!2i768!4f13.1!3m3!1m2!1s0x0%3A0xb0625f4dbc9de65a!2sEmbassy+of+the+United+States+of+America!5e0!3m2!1sen!2sus!4v1474993543883F8
1,Cabo Verde,U.S. Embassy in Praia,https://www.google.com/maps/embed?pb=!1m18!1m12!1m3!1d3855.2862789797196!2d-23.50859068535588!3d14.92113557314168!2m3!1f0!2f0!3f0!3m2!1i1024!2i768!4f13.1!3m3!1m2!1s0x93598e191706365%3A0x1a4a3161a1a8b841!2sUnited+States+Embassy!5e0!3m2!1sen!2sus!4v1475064157640
2,Cambodia,U.S. Embassy in Phnom Penh,https://www.google.com/maps/embed?pb=!1m18!1m12!1m3!1d31271.252197496648!2d104.88081813752557!3d11.55855851769707!2m3!1f0!2f0!3f0!3m2!1i1024!2i768!4f13.1!3m3!1m2!1s0x3109514361a6a399%3A0x2b9cd1845e900364!2sEmbassy+of+the+United+States+of+America!5e0!3m2!1sen!2sus!4v1458677006254
0,Canada,U.S. Embassy in Ottawa,https://www.google.com/maps/embed?pb=!1m18!1m12!1m3!1d2800.0769430796277!2d-75.69805418493372!3d45.42795027910043!2m3!1f0!2f0!3f0!3m2!1i1024!2i768!4f13.1!3m3!1m2!1s0x4cce04fdce9bc1cb%3A0x8e661cf7a132e62c!2s490+Sussex+Dr%2C+Ottawa%2C+ON+K1N+1G8%2C+Canada!5e0!3m2!1sen!2sus!4v1446576793060
1,Canada,U.S. Consulate General in Calgary,https://www.google.com/maps/embed?pb=!1m18!1m12!1m3!1d2508.353243298595!2d-114.0603911846858!3d51.046564979562035!2m3!1f0!2f0!3f0!3m2!1i1024!2i768!4f13.1!3m3!1m2!1s0x53716ffe35383f61%3A0x4e7a55fb4787520b!2sRocky+Mountain+Plaza+615+Macleod+Trail+SE!5e0!3m2!1sen!2sus!4v1446577041773
2,Canada,U.S. Consulate General in Halifax,https://www.google.com/maps/embed?pb=!1m18!1m12!1m3!1d2838.291324475583!2d-63.576402884196376!3d44.652399295261674!2m3!1f0!2f0!3f0!3m2!1i1024!2i768!4f13.1!3m3!1m2!1s0x4b5a23d1c21377b9%3A0x535007cd5385d49!2s!5e0!3m2!1sen!2sus!4v1448441986365
3,Canada,U.S. Consulate General in Montreal,https://www.google.com/maps/embed?pb=!1m18!1m12!1m3!1d2796.528438321628!2d-73.57542628444138!3d45.49943997910136!2m3!1f0!2f0!3f0!3m2!1i1024!2i768!4f13.1!3m3!1m2!1s0x4cc91a43cd5e2389%3A0xc5ac831f51913e0!2s1134%20Saint-Catherine%20St%20W%2C%20Montreal%2C%20QC%20H3B%205K2%2C%20Canada!5e0!3m2!1sen!2sus!4v1573050000174!5m2!1sen!2sus
4,Canada,U.S. Consulate General in Quebec,https://www.google.com/maps/embed?pb=!1m18!1m12!1m3!1d2730.679810881782!2d-71.20693568487476!3d46.81061277913991!2m3!1f0!2f0!3f0!3m2!1i1024!2i768!4f13.1!3m3!1m2!1s0x4cb895db62a17f8f%3A0xcb34955c7c8855e3!2s2+Place+Terrasse+Dufferin%2C+Qu%C3%A9bec%2C+QC+G1R+4N5%2C+Canada!5e0!3m2!1sen!2sus!4v1446577098405
5,Canada,U.S. Consulate General in Toronto,https://www.google.com/maps/embed?pb=!1m18!1m12!1m3!1d2886.7785563847738!2d-79.39009958500738!3d43.65277537912137!2m3!1f0!2f0!3f0!3m2!1i1024!2i768!4f13.1!3m3!1m2!1s0x882b34ceefad5503%3A0x2cf3e026b320e7fd!2s360+University+Ave%2C+Toronto%2C+ON+M5G+1S4%2C+Canada!5e0!3m2!1sen!2sus!4v1446577177720
6,Canada,U.S. Consulate General in Vancouver,https://www.google.com/maps/embed?pb=!1m18!1m12!1m3!1d2602.414696592915!2d-123.12183428476567!3d49.287486979331824!2m3!1f0!2f0!3f0!3m2!1i1024!2i768!4f13.1!3m3!1m2!1s0x54867183c6b6cc9b%3A0x659844a35a5a5e53!2s1075+W+Pender+St%2C+Vancouver%2C+BC+V6E+2M6%2C+Canada!5e0!3m2!1sen!2sus!4v1446577356997
7,Canada,U.S. Consulate in Winnipeg,https://www.google.com/maps/embed?pb=!1m18!1m12!1m3!1d2570.1658776990075!2d-97.14146048445255!3d49.89568903506278!2m3!1f0!2f0!3f0!3m2!1i1024!2i768!4f13.1!3m3!1m2!1s0x52ea715ba1bc9c5d%3A0x178e06e63c242453!2s201+Portage+Ave+%23860%2C+Winnipeg%2C+MB+R3B%2C+Canada!5e0!3m2!1sen!2sus!4v1455145531349
8,Central African Republic,U.S. Embassy in Bangui,https://www.google.com/maps/embed?pb=!1m18!1m12!1m3!1d3978.271282568094!2d18.57692871459369!3d4.360147295730762!2m3!1f0!2f0!3f0!3m2!1i1024!2i768!4f13.1!3m3!1m2!1s0x10b8efadd4837d3d%3A0xec6d492952a43d61!2sUS+Embassy%2C+Bangui%2C+Central+African+Republic!5e0!3m2!1sen!2sus!4v1475064375658
9,Cameroon,U.S. Embassy in Yaounde,
0,Chile,U.S. Embassy Santiago,https://www.google.com/maps/embed?pb=!1m18!1m12!1m3!1d3330.437369635372!2d-70.6065827848723!3d-33.411839902917684!2m3!1f0!2f0!3f0!3m2!1i1024!2i768!4f13.1!3m3!1m2!1s0x9662cf43fa34b825%3A0x4f1e60a7cf8cf6d7!2sAndr%C3%A9s+Bello+2800%2C+Las+Condes%2C+Regi%C3%B3n+Metropolitana%2C+Chile!5e0!3m2!1sen!2sus!4v1461949596013
1,China,U.S. Embassy in Beijing,
2,China,,
3,China,U.S. Consulate General in Guangzhou,
4,China,U.S. Consulate in Shanghai,
5,China,U.S. Consulate in Shenyang,
6,China,U.S. Consulate General in Wuhan,
7,Chad,U.S. Embassy in Ndjamena,
0,Costa Rica,U.S. Embassy in San Jose,https://www.google.com/maps/embed?pb=!1m18!1m12!1m3!1d3929.8955055027604!2d-84.12636725016975!3d9.942651776713493!2m3!1f0!2f0!3f0!3m2!1i1024!2i768!4f13.1!3m3!1m2!1s0x8fa0fb60f6537d7f%3A0x2d35097ff426a22c!2sEmbassy+of+the+United+States+of+America!5e0!3m2!1sen!2sus!4v1476494340047
1,Colombia,U.S. Embassy in Bogota,
2,Comoros,U.S. Virtual Embassy to Comoros,
0,Cuba,U.S. Embassy Havana,https://www.google.com/maps/embed?pb=!1m18!1m12!1m3!1d3668.6668786084256!2d-82.39025868531266!3d23.145848517518314!2m3!1f0!2f0!3f0!3m2!1i1024!2i768!4f13.1!3m3!1m2!1s0x88cd79d5f1d6817b%3A0xa66689f666e933e!2sUS+Interests+Section!5e0!3m2!1sen!2sus!4v1461794360807
1,Côte d’Ivoire,U.S. Embassy in Abidjan,
2,Croatia,U.S. Embassy in Zagreb,
0,Curacao,U.S. Consulate General in Curacao,https://www.google.com/maps/embed?pb=!1m18!1m12!1m3!1d3901.058313351558!2d-68.92806705015425!3d12.108160536469793!2m3!1f0!2f0!3f0!3m2!1i1024!2i768!4f13.1!3m3!1m2!1s0x8e84828bbe50653b%3A0x3e305f7d6e6ab2e9!2sUnited+States+Consulate+General%2C+Curacao!5e0!3m2!1sen!2sus!4v1476494552754
1,Czech Republic,U.S. Embassy in Prague,https://www.google.com/maps/embed?pb=!1m18!1m12!1m3!1d2559.944060213452!2d14.4013251!3d50.087334199999994!2m3!1f0!2f0!3f0!3m2!1i1024!2i768!4f13.1!3m3!1m2!1s0x470b94e274ba7f6f%3A0x90222bd18cc37830!2zVHLFvmnFoXTEmyAzNjUvMTUsIE1hbMOhIFN0cmFuYSwgMTE4IDAwIFByYWhhLVByYWhhIDEsIEN6ZWNoIFJlcHVibGlj!5e0!3m2!1sen!2sus!4v1443635604097
3,Cyprus,U.S. Embassy in Nicosia,
0,Democratic Republic of the Congo,U.S. Embassy in Kinshasa,https://www.google.com/maps/embed?pb=!1m18!1m12!1m3!1d3978.585157822709!2d15.311121414556926!3d-4.30045134755232!2m3!1f0!2f0!3f0!3m2!1i1024!2i768!4f13.1!3m3!1m2!1s0x1a6a34755e3c6ce1%3A0xf708866c5dbc481f!2sAmbassade+U.S.A!5e0!3m2!1sen!2sus!4v1467221016843
1,Denmark,U.S. Embassy Copenhagen,https://www.google.com/maps/embed?pb=!1m18!1m12!1m3!1d2248.675232832005!2d12.580999351204579!3d55.69463390384914!2m3!1f0!2f0!3f0!3m2!1i1024!2i768!4f13.1!3m3!1m2!1s0x465252e252541333%3A0x832f723fbc2ed07e!2zRGFnIEhhbW1hcnNrasO2bGRzIEFsbMOpIDI0LCAyMTAwIEvDuGJlbmhhdm4gw5gsIERlbm1hcms!5e0!3m2!1sen!2sus!4v1460065382676
2,Djibouti,U.S. Embassy in Djibouti,https://www.google.com/maps/embed?pb=!1m18!1m12!1m3!1d3697.9714824805824!2d43.164265285710535!3d11.564571439167759!2m3!1f0!2f0!3f0!3m2!1i1024!2i768!4f13.1!3m3!1m2!1s0x1623075b7ebb4e7d%3A0x1b0695af695adbdf!2sEducationUSA+Advising+Center!5e0!3m2!1sen!2sus!4v1464200988321
0,Dominican Republic,U.S. Embassy in Santo Domingo,https://www.google.com/maps/embed?pb=!1m18!1m12!1m3!1d7567.022201560989!2d-69.96556585638002!3d18.505791773516865!2m3!1f0!2f0!3f0!3m2!1i1024!2i768!4f13.1!3m3!1m2!1s0x8eaf8a28f5b352db%3A0x69a6c55dbb804c9d!2sUS+Embassy+in+the+Dominican+Republic!5e0!3m2!1sen!2sus!4v1476494406646
1,Ecuador,U.S. Embassy Quito,https://www.google.com/maps/embed?pb=!1m18!1m12!1m3!1d3989.806623734377!2d-78.46992368546607!3d-0.1387366354893353!2m3!1f0!2f0!3f0!3m2!1i1024!2i768!4f13.1!3m3!1m2!1s0x91d58ffa4395a3b1%3A0x913059a1dd245f1d!2sEmbajada+de+los+Estados+Unidos+de+America!5e0!3m2!1sen!2sus!4v1451414071947
2,Ecuador,U.S. Consulate General Guayaquil,https://www.google.com/maps/embed?pb=!1m18!1m12!1m3!1d3986.9033061290793!2d-79.94002108545662!3d-2.190321437897651!2m3!1f0!2f0!3f0!3m2!1i1024!2i768!4f13.1!3m3!1m2!1s0x0000000000000000%3A0xf76c41f57ecfd44c!2sU.S.+Consulate+General!5e0!3m2!1sen!2sus!4v1451422612429
3,Egypt,U.S. Embassy in Cairo,https://www.google.com/maps/embed?pb=!1m18!1m12!1m3!1d3453.888303172622!2d31.230139821101467!3d30.040062177118504!2m3!1f0!2f0!3f0!3m2!1i1024!2i768!4f13.1!3m3!1m2!1s0x0%3A0x2a6c0ff4afa6decc!2sUSA+Embassy+In+Cairo!5e0!3m2!1sen!2sus!4v1476492083338
4,Egypt,U.S. Consulate General in Alexandria,https://www.google.com/maps/embed?pb=!1m14!1m8!1m3!1d13644.41515972269!2d30.017697!3d31.24555!3m2!1i1024!2i768!4f13.1!3m3!1m2!1s0x14f5da8ae3ed2c83%3A0x7556e31404b6a534!2s3+El+Faraana%2C+As+Soyouf+Qebli+(Include+Izbat+Derbanah)%2C+Qism+El-Montaza%2C+Alexandria+Governorate%2C+Egypt!5e0!3m2!1sen!2sus!4v1476492250761
0,El Salvador,U.S. Embassy in San Salvador,https://www.google.com/maps/embed?pb=!1m14!1m8!1m3!1d248120.93903943148!2d-89.257115!3d13.664472!3m2!1i1024!2i768!4f13.1!3m3!1m2!1s0x0%3A0x445a18bdfecac8d4!2sEmbassy+of+the+United+States!5e0!3m2!1sen!2sus!4v1476159633194
1,Equatorial Guinea,U.S. Embassy in Malabo,https://www.google.com/maps/embed?pb=!1m18!1m12!1m3!1d149099.3067041381!2d8.67950404719766!3d3.709944052732674!2m3!1f0!2f0!3f0!3m2!1i1024!2i768!4f13.1!3m3!1m2!1s0x10669e9b40bc2b05%3A0x14e66a25cd407e1a!2sUS+Embassy+to+Equatorial+Guinea%2C+Malabo%2C+Equatorial+Guinea!5e0!3m2!1sen!2sus!4v1472534611188
2,Eritrea,U.S. Embassy Asmara,https://www.google.com/maps/embed?pb=!1m14!1m8!1m3!1d11254.169961798174!2d38.93054880356809!3d15.326481749328192!3m2!1i1024!2i768!4f13.1!3m3!1m2!1s0x0%3A0xc75d774c79ba8403!2sEmbassy+of+United+States+of+America!5e0!3m2!1sen!2sus!4v1475029787053
0,Estonia,U.S. Embassy in Tallinn,https://www.google.com/maps/embed?pb=!1m18!1m12!1m3!1d2029.15468931412!2d24.749452351387053!3d59.43049458160451!2m3!1f0!2f0!3f0!3m2!1i1024!2i768!4f13.1!3m3!1m2!1s0x4692949f624ed9c5%3A0xa6808fd7dbb9558a!2sAmeerika+%C3%9Chendriikide+Suursaatkond!5e0!3m2!1sen!2sus!4v1475873968726
1,Eswatini,U.S. Embassy Mbabane,https://www.google.com/maps/embed?pb=!1m14!1m8!1m3!1d14303.96300217835!2d31.146070000000005!3d-26.326799!3m2!1i1024!2i768!4f13.1!3m3!1m2!1s0x0%3A0x3db3c173ecaafbbe!2sCentral+Bank!5e0!3m2!1sen!2sus!4v1476149938715
2,Ethiopia,U.S. Embassy in Addis Ababa,https://www.google.com/maps/embed?pb=!1m18!1m12!1m3!1d3940.0576807557063!2d38.7616351507037!3d9.058503490987626!2m3!1f0!2f0!3f0!3m2!1i1024!2i768!4f13.1!3m3!1m2!1s0x164b8f16cb8609a5%3A0x6cbb6455394d8ff9!2sEmbassy+of+the+United+States+of+America%2C+Algeria+St%2C+Addis+Ababa%2C+Ethiopia!5e0!3m2!1sen!2sus!4v1469408533536
0,Fiji,U.S. Embassy in Suva,https://www.google.com/maps/embed?pb=!1m18!1m12!1m3!1d3792.018458673843!2d178.43728565154606!3d-18.116938789110446!2m3!1f0!2f0!3f0!3m2!1i1024!2i768!4f13.1!3m3!1m2!1s0x6e1bde8a6dcf2811%3A0x433486fb291c2678!2sUS+Embassy+Suva!5e0!3m2!1sen!2sus!4v1475519228866
1,Finland,U.S. Embassy in Finland,https://www.google.com/maps/embed?pb=!1m18!1m12!1m3!1d1985.426078559495!2d24.95848845142241!3d60.15712498186756!2m3!1f0!2f0!3f0!3m2!1i1024!2i768!4f13.1!3m3!1m2!1s0x46920bbf64f7ea91%3A0x8980f0aed24ce6ab!2sEmbassy+of+the+United+States+Helsinki+Finland!5e0!3m2!1sen!2sus!4v1475873841533
2,France,U.S. Embassy in Paris,https://www.google.com/maps/embed?pb=!1m18!1m12!1m3!1d2624.5002717703264!2d2.318520215199972!3d48.867738979288355!2m3!1f0!2f0!3f0!3m2!1i1024!2i768!4f13.1!3m3!1m2!1s0x47e66fce6c15f343%3A0x97f229b0d2491ac2!2sAmbassade+des+Etats+Unis+d'Amerique!5e0!3m2!1sen!2sus!4v1454189355189
3,France,U.S. Consulate Bordeaux,https://www.google.com/maps/embed?pb=!1m18!1m12!1m3!1d2828.40206320224!2d-0.56857998497452!3d44.85410907909841!2m3!1f0!2f0!3f0!3m2!1i1024!2i768!4f13.1!3m3!1m2!1s0xd55287c293d1983%3A0x6ee595e641866551!2sConsulat+des+Etats-Unis+d'Am%C3%A9rique!5e0!3m2!1sen!2sus!4v1454189417719
4,France,U.S. Consulate Lyon,https://www.google.com/maps/embed?pb=!1m18!1m12!1m3!1d2783.4067915093624!2d4.835273451230727!3d45.76303722137151!2m3!1f0!2f0!3f0!3m2!1i1024!2i768!4f13.1!3m3!1m2!1s0x47f4ea57cd27a437%3A0x31e67c9578df412f!2s2%20Rue%20du%20Pr%C3%A9sident%20Carnot%2C%2069002%20Lyon%2C%20France!5e0!3m2!1sen!2sus!4v1648821811101!5m2!1sen!2sus
5,France,U.S. Consulate General Marseille,https://www.google.com/maps/embed?pb=!1m18!1m12!1m3!1d23233.83485849988!2d5.364160330718974!3d43.288518314649394!2m3!1f0!2f0!3f0!3m2!1i1024!2i768!4f13.1!3m3!1m2!1s0x12c9c0ba71ecf6c1%3A0xca7334aa4ad8f62a!2sConsulat+des+Etats+Unis+d'Am%C3%A9rique!5e0!3m2!1sen!2sus!4v1454189558129
6,France,U.S. Consulate Rennes,https://www.google.com/maps/embed?pb=!1m14!1m8!1m3!1d10655.998697518402!2d-1.684267!3d48.110242!3m2!1i1024!2i768!4f13.1!3m3!1m2!1s0x0%3A0xe27417906ce149ea!2sConsulat+des+Etats-Unis+d'Am%C3%A9rique!5e0!3m2!1sen!2sus!4v1455889725954
7,France,U.S. Consulate General Strasbourg,https://www.google.com/maps/embed?pb=!1m18!1m12!1m3!1d2639.1950657369903!2d7.7593509151874125!3d48.58696377926187!2m3!1f0!2f0!3f0!3m2!1i1024!2i768!4f13.1!3m3!1m2!1s0x4796c857de6bd1dd%3A0xd399e48c3c0ebcba!2sConsulat+G%C3%A9n%C3%A9ral+des+Etats+Unis!5e0!3m2!1sen!2sus!4v1454189721248
8,France,,
0,Gabon,U.S. Embassy in Libreville,https://www.google.com/maps/embed?pb=!1m18!1m12!1m3!1d3989.676422260765!2d9.392872314599318!3d0.48322636388167084!2m3!1f0!2f0!3f0!3m2!1i1024!2i768!4f13.1!3m3!1m2!1s0x107f25a0d2ad296d%3A0xc52aa337ce24c469!2sEducationUSA+Advising+Center!5e0!3m2!1sen!2sus!4v1475064859167
1,Georgia,U.S. Embassy Tbilisi,https://www.google.com/maps/embed?pb=!1m18!1m12!1m3!1d2974.8134689179838!2d44.773192550622554!3d41.78923347912738!2m3!1f0!2f0!3f0!3m2!1i1024!2i768!4f13.1!3m3!1m2!1s0x40446ddb836fcdf9%3A0xeb5a2609795ba197!2sUSA+Embassy!5e0!3m2!1sen!2sus!4v1475874168819
2,Germany,U.S. Embassy in Berlin,
3,Germany,U.S. Consulate General in Düsseldorf,
4,Germany,U.S. Consulate General in Frankfurt,
5,Germany,U.S. Consulate General in Hamburg,
6,Germany,U.S. Consulate General in Leipzig,
7,Germany,U.S. Consulate General in Munich,
0,Ghana,U.S. Embassy in Accra,https://www.google.com/maps/embed?pb=!1m18!1m12!1m3!1d12902.10274085407!2d-0.17835773036791813!3d5.575553206061542!2m3!1f0!2f0!3f0!3m2!1i1024!2i768!4f13.1!3m3!1m2!1s0xfdf9a95b12e501b%3A0x14168836e2e3552e!2sEmbassy+of+the+United+States+of+America!5e0!3m2!1sen!2sus!4v1469413957820
1,Greece,U.S. Embassy in Athens,https://www.google.com/maps/embed?pb=!1m18!1m12!1m3!1d12579.158376983605!2d23.74669424133668!3d37.982039334998994!2m3!1f0!2f0!3f0!3m2!1i1024!2i768!4f13.1!3m3!1m2!1s0x0%3A0x6bb46e886cbf3380!2sU.S.+Embassy+Athens!5e0!3m2!1sen!2sus!4v1479227681625
2,Greece,U.S. Consulate in Thessaloniki,https://www.google.com/maps/embed?pb=!1m18!1m12!1m3!1d3027.8471968218955!2d22.940211115308642!3d40.633251679340525!2m3!1f0!2f0!3f0!3m2!1i1024!2i768!4f13.1!3m3!1m2!1s0x14a83907cfddc551%3A0xe7579c2a3365e6d0!2sTsimiski+43%2C+Thessaloniki+546+23%2C+Greece!5e0!3m2!1sen!2sus!4v1482395086024
5,Guatemala,U.S. Embassy in Guatemala City,
0,Guinea-Bissau,U.S. Virtual Consulate in Guinea-Bissau,https://www.google.com/maps/embed?pb=!1m18!1m12!1m3!1d61746.229747067315!2d-17.516996741291123!3d14.704710009473104!2m3!1f0!2f0!3f0!3m2!1i1024!2i768!4f13.1!3m3!1m2!1s0x0%3A0x7ebddd12042db46d!2sEmbassy+of+the+United+States+of+America!5e0!3m2!1sen!2sus!4v1475103834952
1,Guyana,U.S. Embassy in Georgetown,https://www.google.com/maps/embed?pb=!1m18!1m12!1m3!1d3961.561356236583!2d-58.16315469996067!3d6.823080095044522!2m3!1f0!2f0!3f0!3m2!1i1024!2i768!4f13.1!3m3!1m2!1s0x8dafef13d9b2d547%3A0x24dd3e0fe0fec1c9!2sUS+Embassy%2C+Georgetown%2C+Guyana!5e0!3m2!1sen!2sus!4v1462540051104
2,Guinea,U.S. Embassy Conakry,
0,Haiti,U.S. Embassy in Port-au-Prince,https://www.google.com/maps/embed?pb=!1m18!1m12!1m3!1d3782.218100018043!2d-72.25316678538026!3d18.564203472684127!2m3!1f0!2f0!3f0!3m2!1i1024!2i768!4f13.1!3m3!1m2!1s0x0000000000000000%3A0x19bca85135ec2902!2sU.S.+Embassy+in+Port-au-Prince!5e0!3m2!1sen!2sus!4v1462308323782
1,Honduras,U.S. Embassy Tegucigalpa,https://www.google.com/maps/embed?pb=!1m18!1m12!1m3!1d3869.5609067756495!2d-87.19214498442403!3d14.103078392854044!2m3!1f0!2f0!3f0!3m2!1i1024!2i768!4f13.1!3m3!1m2!1s0x8f6fa2dc58aeca5b%3A0x80d68c99c099658e!2sEmbajada+Americana+Tegucigalpa!5e0!3m2!1sen!2sus!4v1469125851567
3,Holy See,U.S. Embassy to the Holy See,
0,Hong Kong and Macau,U.S. Consulate General in Hong Kong,https://www.google.com/maps/embed?pb=!1m18!1m12!1m3!1d14767.072287263398!2d114.1414502758681!3d22.28677373594902!2m3!1f0!2f0!3f0!3m2!1i1024!2i768!4f13.1!3m3!1m2!1s0x34040065777c7713%3A0xb101ba116e5f7dfc!2sConsulate+General+of+The+Unites+States+Of+America!5e0!3m2!1sen!2sus!4v1475496991909
1,Hungary,U.S. Embassy in Budapest,//www.google.com/maps/embed?pb=!1m18!1m12!1m3!1d2695.2524308288503!2d19.049127950848646!3d47.50447497907593!2m3!1f0!2f0!3f0!3m2!1i1024!2i768!4f13.1!3m3!1m2!1s0x4741dc1381f4e54d%3A0xf9936d99b698e7d0!2zQW1lcmlrYWkgRWd5ZXPDvGx0IMOBbGxhbW9rIE5hZ3lrw7Z2ZXRzw6lnZQ!5e0!3m2!1sen!2sus!4v1475874788585
2,Iceland,U.S. Embassy in Reykjavik,https://www.google.com/maps/embed?pb=!1m18!1m12!1m3!1d1739.9649529207122!2d-21.940093284008785!3d64.14460802302551!2m3!1f0!2f0!3f0!3m2!1i1024!2i768!4f13.1!3m3!1m2!1s0x48d60b328d0c74b7%3A0x6cf2ed69a01c82d2!2sLauf%C3%A1svegur+21%2C+101+Reykjav%C3%ADk%2C+Iceland!5e0!3m2!1sen!2sus!4v1463776501186
0,India,U.S. Embassy in New Delhi,https://www.google.com/maps/embed?pb=!1m18!1m12!1m3!1d3503.234080206497!2d77.18614975035345!3d28.59275369254548!2m3!1f0!2f0!3f0!3m2!1i1024!2i768!4f13.1!3m3!1m2!1s0x390d1d66b17dc5e3%3A0xdf675dfdbf9d22!2sShantipath%2C+Chanakyapuri%2C+New+Delhi%2C+Delhi+110021%2C+India!5e0!3m2!1sen!2sus!4v1456786143489
1,India,U.S. Consulate General in Chennai,https://www.google.com/maps/embed?pb=!1m18!1m12!1m3!1d3886.73772900641!2d80.24973505012338!3d13.052359116588155!2m3!1f0!2f0!3f0!3m2!1i1024!2i768!4f13.1!3m3!1m2!1s0x3a5266472c0d22b9%3A0x34ebeb4dc0ed9198!2sUS+Consulate%2C+Chennai!5e0!3m2!1sen!2sus!4v1456786314448
2,India,U.S. Consulate General in Hyderabad,https://www.google.com/maps/embed?pb=!1m18!1m12!1m3!1d3806.3589870904734!2d78.47482025016731!3d17.442523805745555!2m3!1f0!2f0!3f0!3m2!1i1024!2i768!4f13.1!3m3!1m2!1s0x3bcb9a29e716b4ef%3A0xff6826c1dbac12f!2sUSIEF!5e0!3m2!1sen!2sus!4v1456786482834
3,India,U.S. Consulate General in Kolkata,https://www.google.com/maps/embed?pb=!1m18!1m12!1m3!1d3684.7509341241707!2d88.3473489502395!3d22.551000939374266!2m3!1f0!2f0!3f0!3m2!1i1024!2i768!4f13.1!3m3!1m2!1s0x3a027711c2e88bdf%3A0x347a3f3e7532106f!2s38%2C+Jawaharlal+Nehru+Rd%2C+Park+Street+area%2C+Kolkata%2C+West+Bengal+700071%2C+India!5e0!3m2!1sen!2sus!4v1456786780733
4,India,U.S. Consulate General in Mumbai,https://www.google.com/maps/embed?pb=!1m18!1m12!1m3!1d3770.9705009851723!2d72.8661483501878!3d19.065034557208715!2m3!1f0!2f0!3f0!3m2!1i1024!2i768!4f13.1!3m3!1m2!1s0x3be7cdd8ba12301b%3A0x821788f8f3f7e720!2sUS+Consulate+General!5e0!3m2!1sen!2sus!4v1456786934264
5,Indonesia,U.S. Embassy Jakarta,https://www.google.com/maps/embed?pb=!1m18!1m12!1m3!1d3966.6225528555137!2d106.82799831517752!3d-6.181246662288807!2m3!1f0!2f0!3f0!3m2!1i1024!2i768!4f13.1!3m3!1m2!1s0x2e69f432025f7039%3A0x80a5e96fe731872d!2sJl.+Medan+Merdeka+Sel.+No.5%2C+Gambir%2C+Kota+Jakarta+Pusat%2C+Daerah+Khusus+Ibukota+Jakarta+10110%2C+Indonesia!5e0!3m2!1sen!2sus!4v1456519009188
6,Indonesia,U.S. Consulate General Surabaya,https://www.google.com/maps/embed?pb=!1m18!1m12!1m3!1d3957.622518712609!2d112.64595001518664!3d-7.283718773607407!2m3!1f0!2f0!3f0!3m2!1i1024!2i768!4f13.1!3m3!1m2!1s0x2dd7fdc312ce2963%3A0x712778b458a07bf5!2sConsulate+General+Of+The+United+States!5e0!3m2!1sen!2sus!4v1456519338532
7,Indonesia,U.S. Consulate Medan,https://www.google.com/maps/embed?pb=!1m18!1m12!1m3!1d3954.642868980395!2d111.89607071518955!3d-7.613783077380901!2m3!1f0!2f0!3f0!3m2!1i1024!2i768!4f13.1!3m3!1m2!1s0x2e784b0ca5d0fa4b%3A0x44e4b7164d8ad63a!2sJl.+Letnan+Jenderal+Mt+Haryono+No.1%2C+Kec.+Nganjuk%2C+Kabupaten+Nganjuk%2C+Jawa+Timur+64417%2C+Indonesia!5e0!3m2!1sen!2sus!4v1456519500560
8,Indonesia,U.S. Consular Agency Bali,https://www.google.com/maps/embed?pb=!1m18!1m12!1m3!1d3944.196718594594!2d115.24215101438658!3d-8.672833990682461!2m3!1f0!2f0!3f0!3m2!1i1024!2i768!4f13.1!3m3!1m2!1s0x2dd2405c70fbcbb5%3A0x52b391365c726eb4!2sConsular+Agency+of+The+United+States+of+America%2C+Jl.+Hayam+Wuruk+No.188%2C+Sumerta%2C+Denpasar+Tim.%2C+Kota+DenpasarDenpasar+Sel.%2C+Bali%2C+Indonesia!5e0!3m2!1sen!2sus!4v1462859494106
11,InfoCentral Login Request & Instructions,,
0,Iran,U.S. Embassy in Tehran,https://www.google.com/maps/embed?pb=!1m18!1m12!1m3!1d3237.1574577200663!2d51.46297835054143!3d35.77150833252614!2m3!1f0!2f0!3f0!3m2!1i1024!2i768!4f13.1!3m3!1m2!1s0x3f8e0466ff9b12f9%3A0x9e2c252dca97eb21!2sEmbassy+of+Switzerland+-+Foreign+Interests+Section!5e0!3m2!1sen!2sus!4v1464796282278
1,Iraq,U.S. Embassy in Baghdad,
2,Iraq,U.S. Consulate General in Basrah,
3,Iraq,U.S. Consulate General in Erbil,
6,Ireland,U.S. Embassy in Dublin,
0,Israel,U.S. Embassy Jerusalem,https://www.google.com/maps/embed?pb=!1m18!1m12!1m3!1d3392.8153880563323!2d35.22292081605138!3d31.748239681294894!2m3!1f0!2f0!3f0!3m2!1i1024!2i768!4f13.1!3m3!1m2!1s0x15032819e8814d87%3A0x5feb3e3d4c9dc588!2s14+David+Flusser+St%2C+Jerusalem!5e0!3m2!1sen!2sus!4v1526306351035
1,Italy,U.S. Embassy Rome,https://www.google.com/maps/embed?pb=!1m18!1m12!1m3!1d2969.3615533808083!2d12.488580514690454!3d41.90658577161134!2m3!1f0!2f0!3f0!3m2!1i1024!2i768!4f13.1!3m3!1m2!1s0x132f61a9f1634c61%3A0x5e328ae81816d51e!2sAmbasciata+U.S.A.!5e0!3m2!1sen!2sus!4v1454334437862
2,Italy,U.S. Consulate General Florence,https://www.google.com/maps/embed?pb=!1m18!1m12!1m3!1d2880.9616282514694!2d11.238509414763548!3d43.77365535265248!2m3!1f0!2f0!3f0!3m2!1i1024!2i768!4f13.1!3m3!1m2!1s0x132a56b202c28dcd%3A0xabb9999856e3b31c!2sConsulate+of+the+United+States+Of+America!5e0!3m2!1sen!2sus!4v1454334542233
3,Italy,U.S. Consulate General Milan,https://www.google.com/maps/embed?pb=!1m18!1m12!1m3!1d2797.737034213619!2d9.191923814832595!3d45.47510094073826!2m3!1f0!2f0!3f0!3m2!1i1024!2i768!4f13.1!3m3!1m2!1s0x4786c6b66ef8966d%3A0xe8921a8e7e918da9!2sU.S.+Consulate+General+Milan!5e0!3m2!1sen!2sus!4v1454334608114
4,Italy,U.S. Consulate General in Naples,https://www.google.com/maps/embed?pb=!1m18!1m12!1m3!1d3018.853481675517!2d14.223740714649724!3d40.83118183825395!2m3!1f0!2f0!3f0!3m2!1i1024!2i768!4f13.1!3m3!1m2!1s0x133b091c85ba3a4b%3A0x638359d668c68da5!2sConsolato+Stati+Uniti+D'America!5e0!3m2!1sen!2sus!4v1454334692913
5,Jamaica,U.S. Embassy in Kingston,https://www.google.com/maps/embed?pb=!1m18!1m12!1m3!1d3794.1453049686643!2d-76.76704555003995!3d18.01845898764298!2m3!1f0!2f0!3f0!3m2!1i1024!2i768!4f13.1!3m3!1m2!1s0x8edb3ee25aecc08d%3A0xc7dc2562bdcb1b32!2sEmbassy+of+the+United+States!5e0!3m2!1sen!2sus!4v1462276096448
0,Jordan,U.S. Embassy in Amman,https://www.google.com/maps/embed?pb=!1m18!1m12!1m3!1d3385.579059032746!2d35.87836691444528!3d31.945183933239388!2m3!1f0!2f0!3f0!3m2!1i1024!2i768!4f13.1!3m3!1m2!1s0x151ca0e5ced0e65f%3A0xf6ede3381c5e81ec!2sEmbassy+of+the+United+States!5e0!3m2!1sen!2sus!4v1449686602406
1,Kazakhstan,U.S. Embassy in Astana,https://www.google.com/maps/embed?pb=!1m18!1m12!1m3!1d2503.8636218312768!2d71.46579625065156!3d51.1294235459901!2m3!1f0!2f0!3f0!3m2!1i1024!2i768!4f13.1!3m3!1m2!1s0x424583fb708839c1%3A0x483c011db261221d!2sThe+U.S.+Embassy!5e0!3m2!1sen!2sus!4v1451935852302
2,Kazakhstan,U.S. Consulate General Almaty,https://www.google.com/maps/embed?pb=!1m18!1m12!1m3!1d2906.8483547513215!2d76.95201335031406!3d43.233638987376175!2m3!1f0!2f0!3f0!3m2!1i1024!2i768!4f13.1!3m3!1m2!1s0x38836f02a104395f%3A0xdea63eb6f1c50d6b!2sUS+Consulate+Office!5e0!3m2!1sen!2sus!4v1451935939751
3,Japan,U.S. Embassy in Tokyo,
0,Kosovo,U.S. Embassy in Pristina,https://www.google.com/maps/embed?pb=!1m14!1m8!1m3!1d11735.879268853387!2d21.150551!3d42.661995!3m2!1i1024!2i768!4f13.1!3m3!1m2!1s0x0%3A0x25287c09b1e46f2d!2sU.S.+Embassy+Pristina%2C+Kosovo!5e0!3m2!1sen!2sus!4v1475875179764
1,Kuwait,U.S. Embassy Kuwait City,https://www.google.com/maps/embed?pb=!1m14!1m8!1m3!1d222699.770122246!2d48.046873!3d29.291608!3m2!1i1024!2i768!4f13.1!3m3!1m2!1s0x0%3A0x3e39283b10b16eaa!2sEmbassy+of+the+United+States+of+America!5e0!3m2!1sen!2sus!4v1476158667690
2,Kenya,U.S. Embassy Nairobi,
0,Kyrgyz Republic,U.S. Embassy in Bishkek,https://www.google.com/maps/embed?pb=!1m14!1m8!1m3!1d93636.29887536411!2d74.582561!3d42.827776!3m2!1i1024!2i768!4f13.1!3m3!1m2!1s0x0%3A0x321ac7432b7a8629!2sU.+S.+Embassy!5e0!3m2!1sen!2sus!4v1476159510572
1,Laos,U.S. Embassy Vientiane,https://www.google.com/maps/embed?pb=!1m18!1m12!1m3!1d60736.463099562345!2d102.5908137666463!3d17.930803913316023!2m3!1f0!2f0!3f0!3m2!1i1024!2i768!4f13.1!3m3!1m2!1s0x0000000000000000%3A0x75deac3e9977168e!2sU.S.+Embassy!5e0!3m2!1sen!2sus!4v1459371155970
2,Latvia,U.S. Embassy in Riga,https://www.google.com/maps/embed?pb=!1m18!1m12!1m3!1d2177.068249245095!2d24.02705041558279!3d56.93049718088476!2m3!1f0!2f0!3f0!3m2!1i1024!2i768!4f13.1!3m3!1m2!1s0x46eed074186f5ba5%3A0x2ed98988cb69acfb!2sUnited+States+Embassy+in+Riga!5e0!3m2!1sen!2sus!4v1454076297918
0,Lebanon,U.S. Embassy in Beirut,
1,Liberia,U.S. Embassy in Monrovia,//www.google.com/maps/embed?pb=!1m18!1m12!1m3!1d3965.59766574476!2d-10.81559835039078!3d6.316462995406253!2m3!1f0!2f0!3f0!3m2!1i1024!2i768!4f13.1!3m3!1m2!1s0xf09f792cf614f0f%3A0x7cc5d629fa33b032!2sEmbassy+of+the+United+States!5e0!3m2!1sen!2sus!4v1453841869568
3,Lesotho,U.S. Embassy in Maseru,
0,Lithuania,U.S. Embassy in Vilnius,https://www.google.com/maps/embed?pb=!1m18!1m12!1m3!1d23249.60194235349!2d25.248973383902904!3d54.68340487076181!2m3!1f0!2f0!3f0!3m2!1i1024!2i768!4f13.1!3m3!1m2!1s0x46dd940dc9c0d337%3A0x9c1ac18161d9082e!2sJungtini%C5%B3+Amerikos+Valstij%C5%B3+ambasada%2FU.S.+Embassy+Vilnius!5e0!3m2!1sen!2sus!4v1469504001855
1,Libya,U.S. Embassy in Tripoli,
3,Luxembourg,U.S. Embassy in Luxembourg,
0,Madagascar,U.S. Embassy in Antananarivo,
1,Malawi,U.S. Embassy in Lilongwe,
2,Malaysia,U.S. Embassy in Kuala Lumpur,
0,Maldives,U.S. Virtual Mission in Maldives,https://www.google.com/maps/embed?pb=!1m14!1m8!1m3!1d63372.96992662317!2d79.848618!3d6.913233!3m2!1i1024!2i768!4f13.1!3m3!1m2!1s0x0%3A0xc563c8145c151f9b!2sEmbassy+of+United+States!5e0!3m2!1sen!2sus!4v1475264928974
1,Mali,U.S. Embassy in Bamako,https://www.google.com/maps/embed?pb=!1m18!1m12!1m3!1d3893.276621693821!2d-8.021094985993539!3d12.629849291080781!2m3!1f0!2f0!3f0!3m2!1i1024!2i768!4f13.1!3m3!1m2!1s0xe51cc5b7c0cdd15%3A0x4c8ee6c7a9c40c8!2sEmbassy+of+the+United+States+of+America!5e0!3m2!1sen!2sus!4v1448925754195
2,Malta,U.S. Embassy Valletta,https://www.google.com/maps/embed?pb=!1m18!1m12!1m3!1d3232.3004213871072!2d14.424656115526965!3d35.89065722606469!2m3!1f0!2f0!3f0!3m2!1i1024!2i768!4f13.1!3m3!1m2!1s0x130e5acd81ae473b%3A0x2cf6d5a522cbaaf6!2sUS+Embassy!5e0!3m2!1sen!2sus!4v1468564598850
0,Marshall Islands,U.S. Embassy Majuro,https://www.google.com/maps/embed?pb=!1m18!1m12!1m3!1d2028853.9574054389!2d170.5419396139032!3d6.695698897670837!2m3!1f0!2f0!3f0!3m2!1i1024!2i768!4f13.1!3m3!1m2!1s0x650f18557b97e0fd%3A0xdafa9c8545b7d939!2sMajuro!5e0!3m2!1sen!2sus!4v1459219615140
1,Mauritania,U.S. Embassy in Nouakchott,https://www.google.com/maps/embed?pb=!1m18!1m12!1m3!1d30341.293531341562!2d-15.992307828442954!3d18.087209723782!2m3!1f0!2f0!3f0!3m2!1i1024!2i768!4f13.1!3m3!1m2!1s0xe964d7cde6638e7%3A0x71e0758508295592!2sEmbassy+of+the+United+States+of+America!5e0!3m2!1sen!2sus!4v1472707084585
2,Mauritius,U.S. Embassy in Port Louis,https://www.google.com/maps/embed?pb=!1m18!1m12!1m3!1d3745.32976811245!2d57.49828105022801!3d-20.161990586407807!2m3!1f0!2f0!3f0!3m2!1i1024!2i768!4f13.1!3m3!1m2!1s0x217c50534bb17c85%3A0xccd0855ed25e1177!2sEmbassy+of+the+United+States+of+America!5e0!3m2!1sen!2sus!4v1475103077489
0,Mexico,U.S. Embassy in Mexico City,
1,Mexico,U.S. Consulate General in Ciudad Juarez,
2,Mexico,U.S. Consulate General in Guadalajar,
3,Mexico,U.S. Consulate General in Hermosillo,
4,Mexico,U.S. Consulate General in Matamoros,
5,Mexico,U.S. Consulate General in Merida,
6,Mexico,U.S. Consulate General in Monterrey,
7,Mexico,U.S. Consulate General in Nogales,
8,Mexico,U.S. Consulate General in Nuevo Laredo,
9,Mexico,U.S. Consulate General in Tijuana,
10,Moldova,U.S. Embassy in Chisinau,https://www.google.com/maps/embed?pb=!1m14!1m8!1m3!1d10879.813338610664!2d28.818999!3d47.021521!3m2!1i1024!2i768!4f13.1!3m3!1m2!1s0x0%3A0x58cdc97919d7c8c!2sEmbassy+of+the+United+States+of+America!5e0!3m2!1sen!2sus!4v1476151236522
12,Micronesia,U.S. Embassy in Kolonia,
0,Mongolia,U.S. Embassy in Ulaanbaatar,https://www.google.com/maps/embed?pb=!1m14!1m8!1m3!1d10693.686410353328!2d106.930189!3d47.928228!3m2!1i1024!2i768!4f13.1!3m3!1m2!1s0x0%3A0xf0d93c62c4fde11!2sThe+U.S.+Embassy+in+Mongolia!5e0!3m2!1sen!2sus!4v1476491555617
1,Montenegro,U.S. Embassy in Podgorica,https://www.google.com/maps/embed?pb=!1m18!1m12!1m3!1d2944.572642259176!2d19.24739101507193!3d42.43683063824326!2m3!1f0!2f0!3f0!3m2!1i1024!2i768!4f13.1!3m3!1m2!1s0x134deb3c9d65ebfd%3A0x7bb72b0c8ac9a908!2sEmbassy+of+the+United+States!5e0!3m2!1sen!2sus!4v1476151428625
2,Morocco,U.S. Embassy Rabat,https://www.google.com/maps/embed?pb=!1m14!1m8!1m3!1d211803.47942080794!2d-6.824677!3d33.955802!3m2!1i1024!2i768!4f13.1!3m3!1m2!1s0x0%3A0x67164baa4a3f9a30!2sU.S.+Embassy!5e0!3m2!1sen!2sus!4v1476158903631
3,Morocco,U.S. Consulate General Casablanca,https://www.google.com/maps/embed?pb=!1m14!1m8!1m3!1d13294.229787943359!2d-7.626588!3d33.590838!3m2!1i1024!2i768!4f13.1!3m3!1m2!1s0x0%3A0x53c683fd533a8796!2sConsulate+of+the+United+States+of+America!5e0!3m2!1sen!2sus!4v1476159011493
0,Namibia,U.S. Embassy Windhoek,https://www.google.com/maps/embed?pb=!1m18!1m12!1m3!1d3684.0932601368763!2d17.08486131483526!3d-22.57561503181287!2m3!1f0!2f0!3f0!3m2!1i1024!2i768!4f13.1!3m3!1m2!1s0x1c0b1b3986415789%3A0xa11adc5c03dced4e!2sAmerica+Embassy!5e0!3m2!1sen!2sus!4v1463690671787
1,Mozambique,U.S. Embassy Maputo,
3,Nepal,U.S. Embassy in Kathmandu,
0,Netherlands,U.S. Embassy The Hague,https://www.google.com/maps/embed?pb=!1m14!1m8!1m3!1d9803.70209269782!2d4.345574!3d52.099287!3m2!1i1024!2i768!4f13.1!3m3!1m2!1s0x47c5b77712df5ec9%3A0xe3f848fe6ce34d15!2sJohn+Adamspark+1%2C+2244+BP+Wassenaar!5e0!3m2!1sen!2snl!4v1525266884688
1,Netherlands,U.S. Consulate General Amsterdam,https://www.google.com/maps/embed?pb=!1m14!1m8!1m3!1d9747.140795952542!2d4.882063!3d52.356181!3m2!1i1024!2i768!4f13.1!3m3!1m2!1s0x47c609f02f3410cb%3A0x9415ace9b83ce2f3!2sMuseumplein+19%2C+1071+DJ+Amsterdam%2C+Netherlands!5e0!3m2!1sen!2sus!4v1476151137746
3,New Zealand,United States Embassy Wellington,
4,Nicaragua,U.S. Embassy Managua,
0,Niger,U.S. Embassy Niamey,https://www.google.com/maps/embed?pb=!1m18!1m12!1m3!1d3879.1505645761217!2d2.070800850759912!3d13.526350006074725!2m3!1f0!2f0!3f0!3m2!1i1024!2i768!4f13.1!3m3!1m2!1s0x11d075fb099aafe5%3A0x30f1f35bec61f0f3!2sEmbassy+of+the+United+States!5e0!3m2!1sen!2sus!4v1503587774385
1,North Macedonia,U.S. Embassy in Skopje,https://www.google.com/maps/embed?pb=!1m18!1m12!1m3!1d94881.60892615833!2d21.354850713788924!3d41.99919648679228!2m3!1f0!2f0!3f0!3m2!1i1024!2i768!4f13.1!3m3!1m2!1s0x135415a58c9aa2a5%3A0xb2ed88c260872020!2sSkopje%2C+Macedonia+(FYROM)!5e0!3m2!1sen!2sus!4v1477953881260
3,Nigeria,U.S. Embassy Abuja,
0,Oman,U.S. Embassy in Muscat,"https://www.google.com/maps/place/Jamiat+Al+Duwal+Al+Arabiah+St,+Muscat,+Oman/@23.604387,58.43291,14z/data=!4m5!3m4!1s0x3e91ff6cc6c5cdb9:0x20b20d3109a6c563!8m2!3d23.6043871!4d58.4329102"
1,Oman,U.S. Embassy in Islamabad,https://www.google.com/maps/embed?pb=!1m18!1m12!1m3!1d3318.421174639717!2d73.1158063143739!3d33.72392364240929!2m3!1f0!2f0!3f0!3m2!1i1024!2i768!4f13.1!3m3!1m2!1s0x38dfc05b8e5552a1%3A0x1d2ee714d236ce12!2sEmbassy+of+the+United+States+of+America!5e0!3m2!1sen!2sus!4v1456831806669
2,Oman,U.S. Consulate General Karachi,https://www.google.com/maps/embed?pb=!1m18!1m12!1m3!1d3620.662946911899!2d67.00740971413214!3d24.84119765214914!2m3!1f0!2f0!3f0!3m2!1i1024!2i768!4f13.1!3m3!1m2!1s0x3eb33dfc94ef2283%3A0xd29b8cc455121f77!2sConsulate+General+of+the+United+States!5e0!3m2!1sen!2sus!4v1456832384968
3,Oman,U.S. Consulate General Lahore,https://www.google.com/maps/embed?pb=!1m18!1m12!1m3!1d3399.6882854023!2d74.33401361430799!3d31.5601682523353!2m3!1f0!2f0!3f0!3m2!1i1024!2i768!4f13.1!3m3!1m2!1s0x391904ca9a0e0329%3A0xde1b5d4c4634f66b!2sU.S.+Consulate+General+Lahore!5e0!3m2!1sen!2sus!4v1456832885310
4,Oman,U.S. Consulate General Peshawar,https://www.google.com/maps/embed?pb=!1m18!1m12!1m3!1d3307.4856237148288!2d71.53478281438282!3d34.00574362762821!2m3!1f0!2f0!3f0!3m2!1i1024!2i768!4f13.1!3m3!1m2!1s0x38d917baa99f4025%3A0x4ff794e62c08b2a7!2sUnited+States+Consulate!5e0!3m2!1sen!2sus!4v1456833424481
5,Pakistan,U.S. Embassy in Islamabad,https://www.google.com/maps/embed?pb=!1m18!1m12!1m3!1d3318.421174639717!2d73.1158063143739!3d33.72392364240929!2m3!1f0!2f0!3f0!3m2!1i1024!2i768!4f13.1!3m3!1m2!1s0x38dfc05b8e5552a1%3A0x1d2ee714d236ce12!2sEmbassy+of+the+United+States+of+America!5e0!3m2!1sen!2sus!4v1456831806669
6,Pakistan,U.S. Consulate General Karachi,https://www.google.com/maps/embed?pb=!1m18!1m12!1m3!1d3620.662946911899!2d67.00740971413214!3d24.84119765214914!2m3!1f0!2f0!3f0!3m2!1i1024!2i768!4f13.1!3m3!1m2!1s0x3eb33dfc94ef2283%3A0xd29b8cc455121f77!2sConsulate+General+of+the+United+States!5e0!3m2!1sen!2sus!4v1456832384968
7,Pakistan,U.S. Consulate General Lahore,https://www.google.com/maps/embed?pb=!1m18!1m12!1m3!1d3399.6882854023!2d74.33401361430799!3d31.5601682523353!2m3!1f0!2f0!3f0!3m2!1i1024!2i768!4f13.1!3m3!1m2!1s0x391904ca9a0e0329%3A0xde1b5d4c4634f66b!2sU.S.+Consulate+General+Lahore!5e0!3m2!1sen!2sus!4v1456832885310
8,Pakistan,U.S. Consulate General Peshawar,https://www.google.com/maps/embed?pb=!1m18!1m12!1m3!1d3307.4856237148288!2d71.53478281438282!3d34.00574362762821!2m3!1f0!2f0!3f0!3m2!1i1024!2i768!4f13.1!3m3!1m2!1s0x38d917baa99f4025%3A0x4ff794e62c08b2a7!2sUnited+States+Consulate!5e0!3m2!1sen!2sus!4v1456833424481
9,Norway,U.S. Embassy in Oslo,
0,Palau,U.S. Embassy in Koror,https://www.google.com/maps/embed?pb=!1m18!1m12!1m3!1d15827.795668753995!2d134.54246866702255!3d7.359623294689216!2m3!1f0!2f0!3f0!3m2!1i1024!2i768!4f13.1!3m3!1m2!1s0x32d56d5868c4fa8d%3A0x799e34b83fed2ba0!2sU.S.+Embassy+-+Palau!5e0!3m2!1sen!2sus!4v1483146585666
2,Panama,U.S. Embassy in Panama City,
3,Papua New Guinea,U.S. Embassy in Port Moresby,
0,Paraguay,U.S. Embassy in Asuncion,https://www.google.com/maps/embed?pb=!1m18!1m12!1m3!1d3607.557077682778!2d-57.62816948465239!3d-25.28548103339301!2m3!1f0!2f0!3f0!3m2!1i1024!2i768!4f13.1!3m3!1m2!1s0x945da7e8b972141b%3A0xb8c2021548f125ad!2sUnited+States+Embassy!5e0!3m2!1sen!2sus!4v1477709433242
2,Peru,U.S. Embassy in Lima,
3,Philippines,U.S. Embassy in Manila,
0,Poland,U.S. Embassy Warsaw,https://www.google.com/maps/embed?pb=!1m18!1m12!1m3!1d2444.039784102127!2d21.023320999999996!3d52.224495!2m3!1f0!2f0!3f0!3m2!1i1024!2i768!4f13.1!3m3!1m2!1s0x471eccfaca4e8643%3A0x3055366647916b47!2sAleje+Ujazdowskie+29%2F31%2C+Warszawa%2C+Poland!5e0!3m2!1sen!2sus!4v1443623127934
1,Poland,U.S. Consulate General in Krakow,https://www.google.com/maps/embed?pb=!1m18!1m12!1m3!1d2561.400305518759!2d19.939102899999998!3d50.060064399999995!2m3!1f0!2f0!3f0!3m2!1i1024!2i768!4f13.1!3m3!1m2!1s0x47165b12422a3033%3A0x6b8ac3ea44e74f7d!2sStolarska+9%2C+31-043+Krak%C3%B3w%2C+Poland!5e0!3m2!1sen!2sus!4v1443623264310
2,Poland,Consular Agency in Poznan,https://www.google.com/maps/embed?pb=!1m18!1m12!1m3!1d2433.938243997453!2d16.927380015922793!3d52.407795452290735!2m3!1f0!2f0!3f0!3m2!1i1024!2i768!4f13.1!3m3!1m2!1s0x47045b388a2760bf%3A0x40086c8f3e4d31d6!2sAgencja+Konsularna+Stan%C3%B3w+Zjednoczonych+Ameryki!5e0!3m2!1sen!2sus!4v1449571126628
3,Portugal,U.S. Embassy Lisbon,https://www.google.com/maps/embed?pb=!1m18!1m12!1m3!1d3111.8536633409117!2d-9.16557018495388!3d38.74412016357007!2m3!1f0!2f0!3f0!3m2!1i1024!2i768!4f13.1!3m3!1m2!1s0xd19331b47e8ae57%3A0x47ae98883d46147c!2sEmbaixada+dos+Estados+Unidos+da+Am%C3%A9rica!5e0!3m2!1sen!2sus!4v1469633450115
4,Portugal,U.S. Consulate Ponta Delgada Azores,https://www.google.com/maps/embed?pb=!1m18!1m12!1m3!1d50478.7055472427!2d-25.71346686956659!3d37.74504219110972!2m3!1f0!2f0!3f0!3m2!1i1024!2i768!4f13.1!3m3!1m2!1s0xb432acc76b00e97%3A0x765580f24e6fc416!2sPonta+Delgada%2C+Portugal!5e0!3m2!1sen!2sus!4v1478601474746
7,Qatar,U.S. Embassy Doha,
0,Republic of Congo,U.S. Embassy in Brazzaville,https://www.google.com/maps/embed?pb=!1m18!1m12!1m3!1d3978.7159213089585!2d15.253996214556773!3d-4.275335947394608!2m3!1f0!2f0!3f0!3m2!1i1024!2i768!4f13.1!3m3!1m2!1s0x1a6a32faf4e2d959%3A0xf287f323ac534260!2sAmbassade+des+USA!5e0!3m2!1sen!2sus!4v1469554384149
1,Romania,U.S. Embassy Bucharest,https://www.google.com/maps/embed?pb=!1m18!1m12!1m3!1d2845.0222379811453!2d26.08420901522549!3d44.51469790431391!2m3!1f0!2f0!3f0!3m2!1i1024!2i768!4f13.1!3m3!1m2!1s0x40b20320800e5f57%3A0x39c393f0902665f6!2sUS+Embassy!5e0!3m2!1sen!2sus!4v1460398548264
2,Russia,U.S. Embassy Moscow,https://www.google.com/maps/embed?pb=!1m14!1m8!1m3!1d143689.1669320383!2d37.57947!3d55.756014!3m2!1i1024!2i768!4f13.1!3m3!1m2!1s0x0%3A0xc2075a0e27388e24!2sU.S.+Embassy+in+Moscow!5e0!3m2!1sen!2sus!4v1476152263568
3,Russia,U.S. Consulate General in Vladivostok,https://www.google.com/maps/embed?pb=!1m14!1m8!1m3!1d11649.940142040483!2d131.909319!3d43.115336!3m2!1i1024!2i768!4f13.1!3m3!1m2!1s0x5fb39273f308e067%3A0x9bdb09792fad5fb4!2sPushkinskaya+ul.%2C+32%2C+Vladivostok%2C+Primorskiy+kray%2C+Russia%2C+690001!5e0!3m2!1sen!2sus!4v1476152383296
4,Russia,U.S. Consulate General in Yekaterinburg,https://www.google.com/maps/embed?pb=!1m14!1m8!1m3!1d8730.841264587716!2d60.61001199999999!3d56.833759!3m2!1i1024!2i768!4f13.1!3m3!1m2!1s0x0%3A0xb6e31717d894100c!2sGeneralnoye+Konsulstvo+SShA+V+Ekaterinburge!5e0!3m2!1sen!2sus!4v1476152553136
0,Rwanda,U.S. Embassy in Kigali,https://www.google.com/maps/embed?pb=!1m18!1m12!1m3!1d3987.537853858132!2d30.077578350046895!3d-1.937285398580675!2m3!1f0!2f0!3f0!3m2!1i1024!2i768!4f13.1!3m3!1m2!1s0x0%3A0x684f7ffa78ed46cb!2sEmbassy+of+the+United+States!5e0!3m2!1sen!2sus!4v1475103741622
1,Samoa,U.S. Embassy Apia,https://www.google.com/maps/embed?pb=!1m14!1m12!1m3!1d3874.1110773071614!2d-171.76823229865656!3d-13.832368052669494!2m3!1f0!2f0!3f0!3m2!1i1024!2i768!4f13.1!5e0!3m2!1sen!2snz!4v1446585911264
2,San Marino,U.S. Embassy in San Marino,https://www.google.com/maps/embed?pb=!1m14!1m8!1m3!1d11877.446915205679!2d12.490769!3d41.906582!3m2!1i1024!2i768!4f13.1!3m3!1m2!1s0x0%3A0x5e328ae81816d51e!2sAmbasciata+U.S.A.!5e0!3m2!1sen!2sus!4v1475875033516
0,Saudi Arabia,U.S. Embassy in Riyadh,https://www.google.com/maps/embed?pb=!1m18!1m12!1m3!1d3625.3286985873!2d46.61878331499943!3d24.68122498413883!2m3!1f0!2f0!3f0!3m2!1i1024!2i768!4f13.1!3m3!1m2!1s0x0%3A0x0!2zMjTCsDQwJzUyLjQiTiA0NsKwMzcnMTUuNSJF!5e0!3m2!1sen!2sus!4v1464164337526
1,Saudi Arabia,U.S. Consulate General in Dhahran,https://www.google.com/maps/embed?pb=!1m18!1m12!1m3!1d3576.6805272745064!2d50.15211701444141!3d26.304454792343083!2m3!1f0!2f0!3f0!3m2!1i1024!2i768!4f13.1!3m3!1m2!1s0x3e49e64f85b918fd%3A0x6e96a3c40ca6864f!2sUS+Consulate!5e0!3m2!1sen!2sus!4v1453996310632
2,Saudi Arabia,U.S. Consulate General in Jeddah,https://www.google.com/maps/embed?pb=!1m18!1m12!1m3!1d3711.525843769055!2d39.16193271434716!3d21.526284675984353!2m3!1f0!2f0!3f0!3m2!1i1024!2i768!4f13.1!3m3!1m2!1s0x15c3cff29af00033%3A0xdd6b259fa67a1359!2sConsulate+General+Of+The+United+States+-+Jeddah!5e0!3m2!1sen!2sus!4v1453996427826
3,Serbia,U.S. Embassy in Belgrade,https://www.google.com/maps/embed?pb=!1m18!1m12!1m3!1d2832.4076598898287!2d20.45105495060411!3d44.77249378724876!2m3!1f0!2f0!3f0!3m2!1i1024!2i768!4f13.1!3m3!1m2!1s0x475a704985514103%3A0xeca0aba8444d1040!2sEmbassy+of+the+United+States+of+America!5e0!3m2!1sen!2sus!4v1476491730105
5,Senegal,U.S. Embassy in Dakar,
0,Sierra Leone,U.S. Embassy in Freetown,https://www.google.com/maps/embed?pb=!1m18!1m12!1m3!1d3946.489820604045!2d-13.23203054992229!3d8.451653993892794!2m3!1f0!2f0!3f0!3m2!1i1024!2i768!4f13.1!3m3!1m2!1s0xf04c32310a04c8f%3A0x77ba733916142754!2sUS+Embassy%2C+Freetown%2C+Sierra+Leone!5e0!3m2!1sen!2sus!4v1475160583171
1,Seychelles,U.S. Virtual Presence Post Seychelles,
3,Singapore,U.S. Embassy Singapore,
0,Slovakia,U.S. Embassy Bratislava,https://www.google.com/maps/embed?pb=!1m18!1m12!1m3!1d2662.389913874478!2d17.10578371527176!3d48.141287658882085!2m3!1f0!2f0!3f0!3m2!1i1024!2i768!4f13.1!3m3!1m2!1s0x476c8942a2275441%3A0x7528e682dc1ae100!2sEmbassy+of+USA!5e0!3m2!1sen!2sus!4v1476152746742
1,Slovenia,U.S. Embassy in Ljubljana,https://www.google.com/maps/embed?pb=!1m18!1m12!1m3!1d2768.934224777239!2d14.496689950651993!3d46.05241020192026!2m3!1f0!2f0!3f0!3m2!1i1024!2i768!4f13.1!3m3!1m2!1s0x47652d60630fa169%3A0xe56bfc7c69292ab4!2sU.S.+Embassy!5e0!3m2!1sen!2sus!4v1476491799317
4,Somalia,U.S. Embassy in Somalia,
0,South Sudan,U.S. Embassy in Juba,https://www.google.com/maps/embed?pb=!1m18!1m12!1m3!1d3975.4993179084563!2d31.58386391452658!3d4.855650541647085!2m3!1f0!2f0!3f0!3m2!1i1024!2i768!4f13.1!3m3!1m2!1s0x17128056d12fa413%3A0xa62d76a994596bfb!2sUS+Embassy!5e0!3m2!1sen!2sus!4v1464117130821
1,South Africa,U.S. Embassy Pretoria,
2,South Korea,U.S. Embassy Seoul,
0,Sri Lanka,U.S. Embassy Colombo,https://www.google.com/maps/embed?pb=!1m14!1m8!1m3!1d63372.96992662317!2d79.848618!3d6.913233!3m2!1i1024!2i768!4f13.1!3m3!1m2!1s0x0%3A0xc563c8145c151f9b!2sEmbassy+of+United+States!5e0!3m2!1sen!2sus!4v1475264928974
1,Sudan,U.S. Embassy in Khartoum,https://www.google.com/maps/embed?pb=!1m18!1m12!1m3!1d3844.2233887413536!2d32.60541621518638!3d15.526150789218434!2m3!1f0!2f0!3f0!3m2!1i1024!2i768!4f13.1!3m3!1m2!1s0x168e8e0dbb77bde7%3A0x92b941ef553c739!2sUS+Embassy!5e0!3m2!1sen!2sus!4v1475243503939
2,Spain,U.S. Embassy in Madrid,
0,Suriname,U.S. Embassy in Paramaribo,https://www.google.com/maps/embed?pb=!1m18!1m12!1m3!1d30430551.370106816!2d-84.36444565058818!3d21.403015973191792!2m3!1f0!2f0!3f0!3m2!1i1024!2i768!4f13.1!3m3!1m2!1s0x8d084a7d57e006b7%3A0x235b220a2884fc4b!2sEmbassy+of+the+United+States+of+America!5e0!3m2!1sen!2sus!4v1477709483694
1,Sweden,U.S. Embassy in Stockholm,https://www.google.com/maps/embed?pb=!1m18!1m12!1m3!1d2034.9689761726265!2d18.10333961607249!3d59.33347178166029!2m3!1f0!2f0!3f0!3m2!1i1024!2i768!4f13.1!3m3!1m2!1s0x465f82b2a20a693f%3A0xf8a5f26c6098ca87!2sDag+Hammarskj%C3%B6lds+v%C3%A4g+31%2C+115+27+Stockholm%2C+Sweden!5e0!3m2!1sen!2sus!4v1450984005793
2,Switzerland,U.S. Embassy Bern,https://www.google.com/maps/embed?pb=!1m14!1m8!1m3!1d10895.716311279415!2d7.438283!3d46.943433!3m2!1i1024!2i768!4f13.1!3m3!1m2!1s0x0%3A0xba46b71ae5a1e520!2sEmbassy+of+the+United+States+Bern!5e0!3m2!1sen!2sus!4v1476152958460
3,Switzerland,U.S. Virtual Mission Liechtenstein ,https://www.google.com/maps/embed?pb=!1m14!1m8!1m3!1d10895.716311279415!2d7.438283!3d46.943433!3m2!1i1024!2i768!4f13.1!3m3!1m2!1s0x0%3A0xba46b71ae5a1e520!2sEmbassy+of+the+United+States+Bern!5e0!3m2!1sen!2sus!4v1476152958460
0,Tajikistan,U.S. Embassy in Dushanbe,https://www.google.com/maps/embed?pb=!1m18!1m12!1m3!1d3119.016446970852!2d68.70998205039008!3d38.579469073127456!2m3!1f0!2f0!3f0!3m2!1i1024!2i768!4f13.1!3m3!1m2!1s0x38b5cdf68b53d783%3A0x5c10bc1a8601a54b!2sEmbassy+of+the+United+States+in+Tajikistan!5e0!3m2!1sen!2sus!4v1476493391828
1,Syria,U.S. Embassy in Damascus,
3,Tanzania,U.S. Embassy in Dar es Salaam,
0,Thailand,U.S. Embassy Bangkok,https://www.google.com/maps/embed?pb=!1m18!1m12!1m3!1d3875.697474990619!2d100.54449655012905!3d13.736756801296202!2m3!1f0!2f0!3f0!3m2!1i1024!2i768!4f13.1!3m3!1m2!1s0x30e29ed9207ff4db%3A0xa7b75c9f22ee90f9!2sEmbassy+Of+The+United+States+Of+America!5e0!3m2!1sen!2sus!4v1459454835741
1,Thailand,U.S. Consulate General Chiang Mai,https://www.google.com/maps/embed?pb=!1m14!1m8!1m3!1d15108.361979425146!2d98.998685!3d18.79412!3m2!1i1024!2i768!4f13.1!3m3!1m2!1s0x0%3A0xdd42f69a8111948!2sThe+American+Consulate-General!5e0!3m2!1sen!2sus!4v1459455460586
2,Timor-Leste,U.S. Embassy in Dili,https://www.google.com/maps/embed?pb=!1m18!1m12!1m3!1d3945.5183891555694!2d125.54820164983751!3d-8.546046593826597!2m3!1f0!2f0!3f0!3m2!1i1024!2i768!4f13.1!3m3!1m2!1s0x2d01dd699c454163%3A0xa8817e4b89b4a981!2sEmbassy+of+the+United+States+of+America!5e0!3m2!1sen!2sus!4v1475870838737
4,The Gambia,U.S. Embassy in Banjul,
0,Togo,U.S. Embassy in Lome,https://www.google.com/maps/embed?pb=!1m18!1m12!1m3!1d30398646.95420603!2d-56.219030065505436!3d21.555755676518146!2m3!1f0!2f0!3f0!3m2!1i1024!2i768!4f13.1!3m3!1m2!1s0x0%3A0x17f381257f6a5a9d!2sL'ambassade+des+%C3%89tats-Unis!5e0!3m2!1sen!2sus!4v1475098922774
1,Tonga,U.S. Embassy in Tonga,https://www.google.com/maps/embed?pb=!1m18!1m12!1m3!1d3792.018348273174!2d178.43728564996175!3d-18.116943887584664!2m3!1f0!2f0!3f0!3m2!1i1024!2i768!4f13.1!3m3!1m2!1s0x6e1bde8a6dcf2811%3A0x433486fb291c2678!2sUS+Embassy+Suva!5e0!3m2!1sen!2sus!4v1475871013225
4,Trinidad & Tobago,U.S. Embassy in Port of Spain,
0,Tunisia,U.S. Embassy Tunis,https://www.google.com/maps/embed?pb=!1m18!1m12!1m3!1d3192.6680439397196!2d10.267989315205188!3d36.85042547993822!2m3!1f0!2f0!3f0!3m2!1i1024!2i768!4f13.1!3m3!1m2!1s0x12fd4aad1157eebd%3A0x5fc48fce409ac8ad!2sUSA+Embassy!5e0!3m2!1sen!2sus!4v1458631895810
1,Turkey,U.S. Embassy Ankara,https://www.google.com/maps/embed?pb=!1m18!1m12!1m3!1d3060.4821503168464!2d32.8539583150804!3d39.908225094332444!2m3!1f0!2f0!3f0!3m2!1i1024!2i768!4f13.1!3m3!1m2!1s0x14d34fa72139c1c9%3A0x9a6c886b1cd93d2a!2zQXRhdMO8cmsgQmx2IE5vOjExMCwgUmVtemkgT8SfdXogQXLEsWssIDA2NjgwIMOHYW5rYXlhL0Fua2FyYSwgVHVya2V5!5e0!3m2!1sen!2sus!4v1460477261858
2,Turkey,U.S. Consulate General Istanbul,https://www.google.com/maps/embed?pb=!1m18!1m12!1m3!1d3005.779985559684!2d29.0443211154174!3d41.11749587928979!2m3!1f0!2f0!3f0!3m2!1i1024!2i768!4f13.1!3m3!1m2!1s0x14caca7885c2fd91%3A0x2cd3f7008ab52085!2sAmerican+Consulate!5e0!3m2!1sen!2sus!4v1460479804328
3,Turkey,U.S. Consulate Adana,https://www.google.com/maps/embed?pb=!1m18!1m12!1m3!1d3187.1008627135666!2d35.3848218149961!3d36.98352556505883!2m3!1f0!2f0!3f0!3m2!1i1024!2i768!4f13.1!3m3!1m2!1s0x15288fdeec2e3a0f%3A0x71dd30682db2bf6f!2zR2lybmUgQmx2LiBObzoyMTIsIFllbmlkb8SfYW4sIDAxMzE2IFnDvHJlxJ9pci9BZGFuYSwgVHVya2V5!5e0!3m2!1sen!2sus!4v1460478429775
4,Turkmenistan,U.S. Embassy Ashgabat,https://www.google.com/maps/embed?pb=!1m14!1m8!1m3!1d50371.96224825769!2d58.389301!3d37.901274!3m2!1i1024!2i768!4f13.1!3m3!1m2!1s0x0%3A0x2ae45312ffda8baf!2sInformation+Resource+Center+(IRC)%2C+Public+Affairs+Section%2C+US+Embassy+Ashgabat%2C+Turkmenistan!5e0!3m2!1sen!2sus!4v1476493672507
0,U.S. Mission to ASEAN,U.S. Mission to ASEAN,
1,U.S. Mission to International Organizations in Vienna,U.S. Mission to the International Organizations in Vienna,
2,U.S. Mission to NATO,U.S. Mission to NATO,
0,U.S. Mission to OSCE,U.S. Mission to the OSCE,//www.google.com/maps/embed?pb=!1m18!1m12!1m3!1d2657.545912387911!2d16.418475315652383!3d48.23461777923129!2m3!1f0!2f0!3f0!3m2!1i1024!2i768!4f13.1!3m3!1m2!1s0x476d06e86e6157bd%3A0xc636fd5e27a5d8e0!2sWagramer+Str.+17%2C+1220+Wien%2C+Austria!5e0!3m2!1sen!2sus!4v1462959960416
1,U.S. Mission to the African Union,U.S. Mission to the African Union,
4,U.S. Mission to the EU,U.S. Mission to the EU,
0,U.S. Mission to the ICAO,U.S. Mission to the ICAO,https://www.google.com/maps/embed?pb=!1m18!1m12!1m3!1d2796.5142484156236!2d-73.56562254934164!3d45.4997256789988!2m3!1f0!2f0!3f0!3m2!1i1024!2i768!4f13.1!3m3!1m2!1s0x4cc91a5c7d8fb637%3A0xe302c1343e169b3c!2s999+Boulevard+Robert-Bourassa%2C+Montr%C3%A9al%2C+QC+H3C%2C+Canada!5e0!3m2!1sen!2sus!4v1485866370393
1,U.S. Mission to the OAS,U.S. Mission to the OAS,https://www.google.com/maps/embed?pb=!1m18!1m12!1m3!1d3105.292099363295!2d-77.05170868456409!3d38.89443515472371!2m3!1f0!2f0!3f0!3m2!1i1024!2i768!4f13.1!3m3!1m2!1s0x89b7b7ae8db80061%3A0xe5bcb9bb092be92!2s2201+C+St+NW+%235914%2C+Washington%2C+DC+20520!5e0!3m2!1sen!2sus!4v1477709696461ʺ width=
2,U.S. Mission to the OECD,U.S. Mission to the OECD,https://www.google.com/maps/embed?pb=!1m18!1m12!1m3!1d2624.470804322671!2d2.314880050761391!3d48.86830080786213!2m3!1f0!2f0!3f0!3m2!1i1024!2i768!4f13.1!3m3!1m2!1s0x47e66fce74664f57%3A0xc65d346fe9537902!2s18+Avenue+Gabriel%2C+75008+Paris%2C+France!5e0!3m2!1sen!2sus!4v1476491985970
0,U.S. Mission to the UN-Geneva,U.S. Mission-Geneva,//www.google.com/maps/embed?pb=!1m18!1m12!1m3!1d2759.916424858043!2d6.135919716184857!3d46.23200668990151!2m3!1f0!2f0!3f0!3m2!1i1024!2i768!4f13.1!3m3!1m2!1s0x478c64f9953371a1%3A0x60c30d44eb79d122!2sRoute+de+Pregny+11%2C+1292+Chamb%C3%A9sy%2C+Switzerland!5e0!3m2!1sen!2sus!4v1478109766887
1,U.S. Mission to the UN-Rome,U.S. Mission Rome,https://www.google.com/maps/embed?pb=!1m18!1m12!1m3!1d2969.301497900315!2d12.489735615141493!3d41.907876971529674!2m3!1f0!2f0!3f0!3m2!1i1024!2i768!4f13.1!3m3!1m2!1s0x132f6107718e2093%3A0x586bb8d3ab001e5e!2sVia+Boncompagni%2C+2%2C+00187+Roma%2C+Italy!5e0!3m2!1sen!2sus!4v1454011008940
2,U.S. Mission to the United Nations,U.S. Mission to the United Nations,https://www.google.com/maps/embed?pb=!1m14!1m8!1m3!1d12090.065411541062!2d-73.9689023!3d40.7506666!3m2!1i1024!2i768!4f13.1!3m3!1m2!1s0x0%3A0x229ea9a52c4fb3d9!2sU.S.+Permanent+Mission+to+the+United+Nations!5e0!3m2!1sen!2sus!4v1478107176700
0,Uganda,U.S. Embassy in Kampala,https://www.google.com/maps/embed?pb=!1m14!1m8!1m3!1d15959.05584076631!2d32.59243!3d0.29909!3m2!1i1024!2i768!4f13.1!3m3!1m2!1s0x0%3A0x134cc9bd9612fdb3!2sUSA+Embassy!5e0!3m2!1sen!2sus!4v1450395922621
1,Ukraine,U.S. Embassy in Kyiv,https://www.google.com/maps/embed?pb=!1m14!1m8!1m3!1d10158.857340374823!2d30.431957!3d50.465044!3m2!1i1024!2i768!4f13.1!3m3!1m2!1s0x0%3A0x7400177862d9fa46!2z0J_QvtGB0L7Qu9GM0YHRgtCy0L4g0KHQqNCQ!5e0!3m2!1sen!2sus!4v1476157918426
4,United Arab Emirates,U.S. Embassy in Abu Dhabi,
0,United Kingdom,Embassy of the United States of America,https://www.google.com/maps/embed?pb=!1m18!1m12!1m3!1d1242.3387677347052!2d-0.13292556417568116!3d51.482433064228786!2m3!1f0!2f0!3f0!3m2!1i1024!2i768!4f13.1!3m3!1m2!1s0x487604fad9988dd7%3A0x7e8004ce596b5997!2sNew+U.S.+Embassy+London!5e0!3m2!1sen!2suk!4v1515581797042
1,United Kingdom,U.S. Consulate General in Belfast,https://www.google.com/maps/embed?pb=!1m18!1m12!1m3!1d2312.8963126269964!2d-5.9422437!3d54.5705791!2m3!1f0!2f0!3f0!3m2!1i1024!2i768!4f13.1!3m3!1m2!1s0x486108c094b77293%3A0x6acba236ecc599f9!2sConsulate+General!5e0!3m2!1sen!2sus!4v1442337876018
2,United Kingdom,U.S. Consulate General in Edinburgh,https://www.google.com/maps/embed?pb=!1m18!1m12!1m3!1d2233.7152628710814!2d-3.1778503!3d55.954306900000006!2m3!1f0!2f0!3f0!3m2!1i1024!2i768!4f13.1!3m3!1m2!1s0x4887b876683110e1%3A0xd13fa8eaf79181b0!2sU.S.+Consulate+Edinburgh!5e0!3m2!1sen!2sus!4v1441388744793
3,Uruguay,U.S. Embassy Montevideo,https://www.google.com/maps/embed?pb=!1m18!1m12!1m3!1d3271.719545649988!2d-56.178309884825005!3d-34.91348698146105!2m3!1f0!2f0!3f0!3m2!1i1024!2i768!4f13.1!3m3!1m2!1s0x959f81b9797e7fc9%3A0x32d69a4b331e5b40!2sEmbajada+Estados+Unidos!5e0!3m2!1sen!2sus!4v1461707594168
4,Uzbekistan,U.S. Embassy in Tashkent,https://www.google.com/maps/embed?pb=!1m18!1m12!1m3!1d2994.3184636409137!2d69.27028705069027!3d41.36716520511031!2m3!1f0!2f0!3f0!3m2!1i1024!2i768!4f13.1!3m3!1m2!1s0x38ae8cc68a182823%3A0x4be82e38687bf8a3!2sEmbassy+of+the+United+States!5e0!3m2!1sen!2sus!4v1459203456175
0,Vietnam,U.S. Embassy in Hanoi,https://www.google.com/maps/embed?pb=!1m18!1m12!1m3!1d3724.279334835061!2d105.81668611410772!3d21.021506286002268!2m3!1f0!2f0!3f0!3m2!1i1024!2i768!4f13.1!3m3!1m2!1s0x3135ab7a985d95d9%3A0x5c12b7cbd2edc7d1!2sEmbassy+of+The+United+States+of+America!5e0!3m2!1sen!2sus!4v1452281859923
1,Vietnam,U.S. Consulate in Ho Chi Minh City,https://www.google.com/maps/embed?pb=!1m18!1m12!1m3!1d3919.36700382189!2d106.69824081393286!3d10.783177692316897!2m3!1f0!2f0!3f0!3m2!1i1024!2i768!4f13.1!3m3!1m2!1s0x31752f49fb5fb611%3A0xcf4a317a5cdfb42e!2sU.S.+Consulate+General!5e0!3m2!1sen!2sus!4v1452281978490
2,Yemen,U.S. Embassy in Sana’a,https://www.google.com/maps/embed?pb=!1m18!1m12!1m3!1d3847.0633169096427!2d44.22766864987787!3d15.373056861749312!2m3!1f0!2f0!3f0!3m2!1i1024!2i768!4f13.1!3m3!1m2!1s0x1603da1f53d78459%3A0x6007f21306b76c41!2sUS+Embassy!5e0!3m2!1sen!2sus!4v1476492976983ʺ width=
3,Venezuela,U.S. Embassy in Caracas,
0,Zambia,U.S. Embassy in Lusaka,
1,Zimbabwe,U.S. Embassy in Harare,
